"Method","Prop","Iteration","results_rmse"
"min",0.01,1,0.0102260981835428
"mean",0.01,1,0.109195744443075
"PPCA",0.01,1,0.112209666385795
"RF",0.01,1,0.112151715615732
"min",0.01,2,0.0118392160189432
"mean",0.01,2,0.107542434189558
"PPCA",0.01,2,0.115815743352814
"RF",0.01,2,0.10380268202768
"min",0.01,3,0.0102149149837427
"mean",0.01,3,0.121072641182883
"PPCA",0.01,3,0.118446444037372
"RF",0.01,3,0.10935755784161
