"Method","Prop","Iteration","results_rmse"
"min",0.01,1,0.010030457576731
"mean",0.01,1,0.112424853727541
"PPCA",0.01,1,0.109732773132728
"RF",0.01,1,0.115080476683346
"min",0.01,2,0.00973110335274197
"mean",0.01,2,0.100444263136433
"PPCA",0.01,2,0.105917714079816
"RF",0.01,2,0.105021998018468
"min",0.01,3,0.0105107244216072
"mean",0.01,3,0.105207878745289
"PPCA",0.01,3,0.111115879510226
"RF",0.01,3,0.115831728809071
