"Method","Prop","Iteration","results_rmse"
"min",0.01,1,0.0100105132087806
"mean",0.01,1,0.106691497608393
"PPCA",0.01,1,0.121332322775107
"RF",0.01,1,0.104620761110432
"min",0.01,2,0.00989878730011278
"mean",0.01,2,0.108865316206679
"PPCA",0.01,2,0.109106704229574
"RF",0.01,2,0.115214346615612
"min",0.01,3,0.00976931791828546
"mean",0.01,3,0.105411645661418
"PPCA",0.01,3,0.109428378923227
"RF",0.01,3,0.107181907700223
