"Method","Prop","Iteration","results_rmse"
"min",0.01,1,0.0125469929505121
"mean",0.01,1,0.0928530142615766
"PPCA",0.01,1,0.0946937931581954
"RF",0.01,1,0.0918010204018728
"min",0.01,2,0.0106641130785044
"mean",0.01,2,0.0942536903261528
"PPCA",0.01,2,0.092175051524018
"RF",0.01,2,0.0999272444057308
"min",0.01,3,0.0108265845140483
"mean",0.01,3,0.0916992282188696
"PPCA",0.01,3,0.095081014706858
"RF",0.01,3,0.0927185553096218
