"Method","Prop","Iteration","results_rmse"
"min",0.01,1,0.0108076237992168
"mean",0.01,1,0.109205437023842
"PPCA",0.01,1,0.110080527510888
"RF",0.01,1,0.117359120934422
"min",0.01,2,0.0106420465818294
"mean",0.01,2,0.120019386197606
"PPCA",0.01,2,0.105338429124316
"RF",0.01,2,0.108684546405663
"min",0.01,3,0.0108070629204586
"mean",0.01,3,0.114457189618679
"PPCA",0.01,3,0.115224935768349
"RF",0.01,3,0.109470438714502
