"Method","Prop","Iteration","results_rmse"
"min",0.01,1,0.0100547354124075
"mean",0.01,1,0.104780564098824
"PPCA",0.01,1,0.109489228712477
"RF",0.01,1,0.111581688424019
"min",0.01,2,0.0108734185346874
"mean",0.01,2,0.107266341418067
"PPCA",0.01,2,0.111124012137919
"RF",0.01,2,0.111072559375169
"min",0.01,3,0.0108841499441473
"mean",0.01,3,0.101583497687037
"PPCA",0.01,3,0.110839161686197
"RF",0.01,3,0.111622736558263
