"Method","Prop","Iteration","results_rmse"
"min",0.01,1,0.0115041635060584
"mean",0.01,1,0.0929700443208248
"PPCA",0.01,1,0.0973246184364027
"RF",0.01,1,0.0941555672941849
"min",0.01,2,0.0121965646261218
"mean",0.01,2,0.097048519071031
"PPCA",0.01,2,0.0933062892692422
"RF",0.01,2,0.09288939329527
"min",0.01,3,0.011643956669962
"mean",0.01,3,0.0958722755506897
"PPCA",0.01,3,0.0953680928286893
"RF",0.01,3,0.0958801394296435
