"Method","Prop","Iteration","results_rmse"
"min",0.01,1,0.0110801036973054
"mean",0.01,1,0.0967536988124437
"PPCA",0.01,1,0.0960919616323384
"RF",0.01,1,0.0868800241752667
"min",0.01,2,0.0111477737488344
"mean",0.01,2,0.0917146477074604
"PPCA",0.01,2,0.0964387218436562
"RF",0.01,2,0.0904656925696261
"min",0.01,3,0.0107006240436407
"mean",0.01,3,0.090290920790654
"PPCA",0.01,3,0.0898665504027111
"RF",0.01,3,0.0944096018126464
