"Method","Prop","Iteration","results_rmse"
"min",0.01,1,0.0122621354027014
"mean",0.01,1,0.107101757656551
"PPCA",0.01,1,0.107964919583856
"RF",0.01,1,0.109689906246661
"min",0.01,2,0.0096356280626594
"mean",0.01,2,0.106944351656177
"PPCA",0.01,2,0.106191574764354
"RF",0.01,2,0.112243560590572
"min",0.01,3,0.0114066417977874
"mean",0.01,3,0.114932444845219
"PPCA",0.01,3,0.106025790061111
"RF",0.01,3,0.116922161958474
